"filename", "language", "pip requirements", "PostCSS", "JavaScript", "HTML", "Python", "comment", "blank", "total"
"c:\Users\hp\Desktop\PROYECTO COMPLETO\BACK-END\backend\albumes\__init__.py", "Python", 0, 0, 0, 0, 0, 0, 1, 1
"c:\Users\hp\Desktop\PROYECTO COMPLETO\BACK-END\backend\albumes\admin.py", "Python", 0, 0, 0, 0, 1, 1, 2, 4
"c:\Users\hp\Desktop\PROYECTO COMPLETO\BACK-END\backend\albumes\apps.py", "Python", 0, 0, 0, 0, 4, 0, 3, 7
"c:\Users\hp\Desktop\PROYECTO COMPLETO\BACK-END\backend\albumes\migrations\0001_initial.py", "Python", 0, 0, 0, 0, 20, 1, 7, 28
"c:\Users\hp\Desktop\PROYECTO COMPLETO\BACK-END\backend\albumes\migrations\0002_remove_album_imagen.py", "Python", 0, 0, 0, 0, 11, 1, 6, 18
"c:\Users\hp\Desktop\PROYECTO COMPLETO\BACK-END\backend\albumes\migrations\__init__.py", "Python", 0, 0, 0, 0, 0, 0, 1, 1
"c:\Users\hp\Desktop\PROYECTO COMPLETO\BACK-END\backend\albumes\models.py", "Python", 0, 0, 0, 0, 8, 1, 3, 12
"c:\Users\hp\Desktop\PROYECTO COMPLETO\BACK-END\backend\albumes\serializers.py", "Python", 0, 0, 0, 0, 18, 3, 4, 25
"c:\Users\hp\Desktop\PROYECTO COMPLETO\BACK-END\backend\albumes\tests.py", "Python", 0, 0, 0, 0, 1, 1, 2, 4
"c:\Users\hp\Desktop\PROYECTO COMPLETO\BACK-END\backend\albumes\urls.py", "Python", 0, 0, 0, 0, 10, 0, 3, 13
"c:\Users\hp\Desktop\PROYECTO COMPLETO\BACK-END\backend\albumes\views.py", "Python", 0, 0, 0, 0, 48, 1, 12, 61
"c:\Users\hp\Desktop\PROYECTO COMPLETO\BACK-END\backend\backend\__init__.py", "Python", 0, 0, 0, 0, 0, 0, 1, 1
"c:\Users\hp\Desktop\PROYECTO COMPLETO\BACK-END\backend\backend\asgi.py", "Python", 0, 0, 0, 0, 4, 8, 5, 17
"c:\Users\hp\Desktop\PROYECTO COMPLETO\BACK-END\backend\backend\settings.py", "Python", 0, 0, 0, 0, 100, 16, 34, 150
"c:\Users\hp\Desktop\PROYECTO COMPLETO\BACK-END\backend\backend\urls.py", "Python", 0, 0, 0, 0, 18, 0, 2, 20
"c:\Users\hp\Desktop\PROYECTO COMPLETO\BACK-END\backend\backend\wsgi.py", "Python", 0, 0, 0, 0, 4, 8, 5, 17
"c:\Users\hp\Desktop\PROYECTO COMPLETO\BACK-END\backend\contactos\__init__.py", "Python", 0, 0, 0, 0, 0, 0, 1, 1
"c:\Users\hp\Desktop\PROYECTO COMPLETO\BACK-END\backend\contactos\admin.py", "Python", 0, 0, 0, 0, 1, 1, 2, 4
"c:\Users\hp\Desktop\PROYECTO COMPLETO\BACK-END\backend\contactos\apps.py", "Python", 0, 0, 0, 0, 4, 0, 3, 7
"c:\Users\hp\Desktop\PROYECTO COMPLETO\BACK-END\backend\contactos\migrations\0001_initial.py", "Python", 0, 0, 0, 0, 23, 1, 7, 31
"c:\Users\hp\Desktop\PROYECTO COMPLETO\BACK-END\backend\contactos\migrations\__init__.py", "Python", 0, 0, 0, 0, 0, 0, 1, 1
"c:\Users\hp\Desktop\PROYECTO COMPLETO\BACK-END\backend\contactos\models.py", "Python", 0, 0, 0, 0, 13, 0, 3, 16
"c:\Users\hp\Desktop\PROYECTO COMPLETO\BACK-END\backend\contactos\tests.py", "Python", 0, 0, 0, 0, 1, 1, 2, 4
"c:\Users\hp\Desktop\PROYECTO COMPLETO\BACK-END\backend\contactos\urls.py", "Python", 0, 0, 0, 0, 5, 0, 1, 6
"c:\Users\hp\Desktop\PROYECTO COMPLETO\BACK-END\backend\contactos\utilidades\__init__.py", "Python", 0, 0, 0, 0, 0, 0, 1, 1
"c:\Users\hp\Desktop\PROYECTO COMPLETO\BACK-END\backend\contactos\utilidades\utilidades.py", "Python", 0, 0, 0, 0, 14, 1, 1, 16
"c:\Users\hp\Desktop\PROYECTO COMPLETO\BACK-END\backend\contactos\views.py", "Python", 0, 0, 0, 0, 33, 10, 4, 47
"c:\Users\hp\Desktop\PROYECTO COMPLETO\BACK-END\backend\dashboard\__init__.py", "Python", 0, 0, 0, 0, 0, 0, 1, 1
"c:\Users\hp\Desktop\PROYECTO COMPLETO\BACK-END\backend\dashboard\admin.py", "Python", 0, 0, 0, 0, 3, 1, 3, 7
"c:\Users\hp\Desktop\PROYECTO COMPLETO\BACK-END\backend\dashboard\apps.py", "Python", 0, 0, 0, 0, 4, 0, 3, 7
"c:\Users\hp\Desktop\PROYECTO COMPLETO\BACK-END\backend\dashboard\models.py", "Python", 0, 0, 0, 0, 7, 0, 3, 10
"c:\Users\hp\Desktop\PROYECTO COMPLETO\BACK-END\backend\dashboard\tests.py", "Python", 0, 0, 0, 0, 1, 1, 2, 4
"c:\Users\hp\Desktop\PROYECTO COMPLETO\BACK-END\backend\dashboard\urls.py", "Python", 0, 0, 0, 0, 7, 0, 2, 9
"c:\Users\hp\Desktop\PROYECTO COMPLETO\BACK-END\backend\dashboard\views.py", "Python", 0, 0, 0, 0, 57, 1, 10, 68
"c:\Users\hp\Desktop\PROYECTO COMPLETO\BACK-END\backend\exposiciones\__init__.py", "Python", 0, 0, 0, 0, 0, 0, 1, 1
"c:\Users\hp\Desktop\PROYECTO COMPLETO\BACK-END\backend\exposiciones\admin.py", "Python", 0, 0, 0, 0, 7, 0, 2, 9
"c:\Users\hp\Desktop\PROYECTO COMPLETO\BACK-END\backend\exposiciones\apps.py", "Python", 0, 0, 0, 0, 4, 0, 3, 7
"c:\Users\hp\Desktop\PROYECTO COMPLETO\BACK-END\backend\exposiciones\migrations\0001_initial.py", "Python", 0, 0, 0, 0, 16, 1, 7, 24
"c:\Users\hp\Desktop\PROYECTO COMPLETO\BACK-END\backend\exposiciones\migrations\0002_alter_exposicion_options_alter_exposicion_table.py", "Python", 0, 0, 0, 0, 15, 1, 6, 22
"c:\Users\hp\Desktop\PROYECTO COMPLETO\BACK-END\backend\exposiciones\migrations\0003_alter_exposicion_options_remove_exposicion_nombre_and_more.py", "Python", 0, 0, 0, 0, 48, 1, 6, 55
"c:\Users\hp\Desktop\PROYECTO COMPLETO\BACK-END\backend\exposiciones\migrations\__init__.py", "Python", 0, 0, 0, 0, 0, 0, 1, 1
"c:\Users\hp\Desktop\PROYECTO COMPLETO\BACK-END\backend\exposiciones\models.py", "Python", 0, 0, 0, 0, 9, 0, 3, 12
"c:\Users\hp\Desktop\PROYECTO COMPLETO\BACK-END\backend\exposiciones\serializers.py", "Python", 0, 0, 0, 0, 6, 0, 2, 8
"c:\Users\hp\Desktop\PROYECTO COMPLETO\BACK-END\backend\exposiciones\tests.py", "Python", 0, 0, 0, 0, 1, 1, 2, 4
"c:\Users\hp\Desktop\PROYECTO COMPLETO\BACK-END\backend\exposiciones\urls.py", "Python", 0, 0, 0, 0, 6, 0, 2, 8
"c:\Users\hp\Desktop\PROYECTO COMPLETO\BACK-END\backend\exposiciones\views.py", "Python", 0, 0, 0, 0, 67, 1, 15, 83
"c:\Users\hp\Desktop\PROYECTO COMPLETO\BACK-END\backend\fotos\__init__.py", "Python", 0, 0, 0, 0, 0, 0, 1, 1
"c:\Users\hp\Desktop\PROYECTO COMPLETO\BACK-END\backend\fotos\admin.py", "Python", 0, 0, 0, 0, 1, 1, 2, 4
"c:\Users\hp\Desktop\PROYECTO COMPLETO\BACK-END\backend\fotos\apps.py", "Python", 0, 0, 0, 0, 4, 0, 3, 7
"c:\Users\hp\Desktop\PROYECTO COMPLETO\BACK-END\backend\fotos\migrations\0001_initial.py", "Python", 0, 0, 0, 0, 22, 1, 7, 30
"c:\Users\hp\Desktop\PROYECTO COMPLETO\BACK-END\backend\fotos\migrations\__init__.py", "Python", 0, 0, 0, 0, 0, 0, 1, 1
"c:\Users\hp\Desktop\PROYECTO COMPLETO\BACK-END\backend\fotos\models.py", "Python", 0, 0, 0, 0, 10, 1, 3, 14
"c:\Users\hp\Desktop\PROYECTO COMPLETO\BACK-END\backend\fotos\serializers.py", "Python", 0, 0, 0, 0, 6, 0, 2, 8
"c:\Users\hp\Desktop\PROYECTO COMPLETO\BACK-END\backend\fotos\tests.py", "Python", 0, 0, 0, 0, 1, 1, 2, 4
"c:\Users\hp\Desktop\PROYECTO COMPLETO\BACK-END\backend\fotos\urls.py", "Python", 0, 0, 0, 0, 10, 0, 2, 12
"c:\Users\hp\Desktop\PROYECTO COMPLETO\BACK-END\backend\fotos\views.py", "Python", 0, 0, 0, 0, 53, 8, 9, 70
"c:\Users\hp\Desktop\PROYECTO COMPLETO\BACK-END\backend\inventario\__init__.py", "Python", 0, 0, 0, 0, 0, 0, 1, 1
"c:\Users\hp\Desktop\PROYECTO COMPLETO\BACK-END\backend\inventario\admin.py", "Python", 0, 0, 0, 0, 3, 1, 2, 6
"c:\Users\hp\Desktop\PROYECTO COMPLETO\BACK-END\backend\inventario\apps.py", "Python", 0, 0, 0, 0, 4, 0, 3, 7
"c:\Users\hp\Desktop\PROYECTO COMPLETO\BACK-END\backend\inventario\migrations\0001_initial.py", "Python", 0, 0, 0, 0, 18, 1, 7, 26
"c:\Users\hp\Desktop\PROYECTO COMPLETO\BACK-END\backend\inventario\migrations\0002_rename_categoria_inventario.py", "Python", 0, 0, 0, 0, 11, 1, 6, 18
"c:\Users\hp\Desktop\PROYECTO COMPLETO\BACK-END\backend\inventario\migrations\0003_inventario_descripcion_alter_inventario_cantidad.py", "Python", 0, 0, 0, 0, 17, 1, 6, 24
"c:\Users\hp\Desktop\PROYECTO COMPLETO\BACK-END\backend\inventario\migrations\0004_alter_inventario_cantidad.py", "Python", 0, 0, 0, 0, 12, 1, 6, 19
"c:\Users\hp\Desktop\PROYECTO COMPLETO\BACK-END\backend\inventario\migrations\0005_alter_inventario_imagen.py", "Python", 0, 0, 0, 0, 12, 1, 6, 19
"c:\Users\hp\Desktop\PROYECTO COMPLETO\BACK-END\backend\inventario\migrations\0006_alter_inventario_imagen.py", "Python", 0, 0, 0, 0, 12, 1, 6, 19
"c:\Users\hp\Desktop\PROYECTO COMPLETO\BACK-END\backend\inventario\migrations\0007_inventario_exposicion.py", "Python", 0, 0, 0, 0, 14, 1, 6, 21
"c:\Users\hp\Desktop\PROYECTO COMPLETO\BACK-END\backend\inventario\migrations\0008_inventario_creado_por.py", "Python", 0, 0, 0, 0, 14, 1, 6, 21
"c:\Users\hp\Desktop\PROYECTO COMPLETO\BACK-END\backend\inventario\migrations\__init__.py", "Python", 0, 0, 0, 0, 0, 0, 1, 1
"c:\Users\hp\Desktop\PROYECTO COMPLETO\BACK-END\backend\inventario\models.py", "Python", 0, 0, 0, 0, 18, 1, 4, 23
"c:\Users\hp\Desktop\PROYECTO COMPLETO\BACK-END\backend\inventario\serializers.py", "Python", 0, 0, 0, 0, 10, 1, 2, 13
"c:\Users\hp\Desktop\PROYECTO COMPLETO\BACK-END\backend\inventario\tests.py", "Python", 0, 0, 0, 0, 1, 1, 2, 4
"c:\Users\hp\Desktop\PROYECTO COMPLETO\BACK-END\backend\inventario\urls.py", "Python", 0, 0, 0, 0, 10, 0, 3, 13
"c:\Users\hp\Desktop\PROYECTO COMPLETO\BACK-END\backend\inventario\views.py", "Python", 0, 0, 0, 0, 65, 1, 15, 81
"c:\Users\hp\Desktop\PROYECTO COMPLETO\BACK-END\backend\manage.py", "Python", 0, 0, 0, 0, 15, 3, 5, 23
"c:\Users\hp\Desktop\PROYECTO COMPLETO\BACK-END\backend\prog_forma\__init__.py", "Python", 0, 0, 0, 0, 0, 0, 1, 1
"c:\Users\hp\Desktop\PROYECTO COMPLETO\BACK-END\backend\prog_forma\admin.py", "Python", 0, 0, 0, 0, 3, 1, 3, 7
"c:\Users\hp\Desktop\PROYECTO COMPLETO\BACK-END\backend\prog_forma\apps.py", "Python", 0, 0, 0, 0, 4, 0, 3, 7
"c:\Users\hp\Desktop\PROYECTO COMPLETO\BACK-END\backend\prog_forma\migrations\0001_initial.py", "Python", 0, 0, 0, 0, 18, 1, 7, 26
"c:\Users\hp\Desktop\PROYECTO COMPLETO\BACK-END\backend\prog_forma\migrations\0002_programa_usuarios.py", "Python", 0, 0, 0, 0, 13, 1, 6, 20
"c:\Users\hp\Desktop\PROYECTO COMPLETO\BACK-END\backend\prog_forma\migrations\0003_alter_programa_options_programa_categoria_and_more.py", "Python", 0, 0, 0, 0, 20, 1, 6, 27
"c:\Users\hp\Desktop\PROYECTO COMPLETO\BACK-END\backend\prog_forma\migrations\0004_alter_programa_options_remove_programa_categoria_and_more.py", "Python", 0, 0, 0, 0, 23, 1, 6, 30
"c:\Users\hp\Desktop\PROYECTO COMPLETO\BACK-END\backend\prog_forma\migrations\__init__.py", "Python", 0, 0, 0, 0, 0, 0, 1, 1
"c:\Users\hp\Desktop\PROYECTO COMPLETO\BACK-END\backend\prog_forma\models.py", "Python", 0, 0, 0, 0, 14, 1, 4, 19
"c:\Users\hp\Desktop\PROYECTO COMPLETO\BACK-END\backend\prog_forma\serializers.py", "Python", 0, 0, 0, 0, 9, 1, 3, 13
"c:\Users\hp\Desktop\PROYECTO COMPLETO\BACK-END\backend\prog_forma\tests.py", "Python", 0, 0, 0, 0, 1, 1, 2, 4
"c:\Users\hp\Desktop\PROYECTO COMPLETO\BACK-END\backend\prog_forma\urls.py", "Python", 0, 0, 0, 0, 11, 0, 3, 14
"c:\Users\hp\Desktop\PROYECTO COMPLETO\BACK-END\backend\prog_forma\views.py", "Python", 0, 0, 0, 0, 152, 22, 22, 196
"c:\Users\hp\Desktop\PROYECTO COMPLETO\BACK-END\backend\seguridad\__init__.py", "Python", 0, 0, 0, 0, 0, 0, 1, 1
"c:\Users\hp\Desktop\PROYECTO COMPLETO\BACK-END\backend\seguridad\admin.py", "Python", 0, 0, 0, 0, 1, 1, 2, 4
"c:\Users\hp\Desktop\PROYECTO COMPLETO\BACK-END\backend\seguridad\apps.py", "Python", 0, 0, 0, 0, 4, 0, 3, 7
"c:\Users\hp\Desktop\PROYECTO COMPLETO\BACK-END\backend\seguridad\decorators.py", "Python", 0, 0, 0, 0, 41, 7, 4, 52
"c:\Users\hp\Desktop\PROYECTO COMPLETO\BACK-END\backend\seguridad\migrations\0001_initial.py", "Python", 0, 0, 0, 0, 23, 1, 7, 31
"c:\Users\hp\Desktop\PROYECTO COMPLETO\BACK-END\backend\seguridad\migrations\__init__.py", "Python", 0, 0, 0, 0, 0, 0, 1, 1
"c:\Users\hp\Desktop\PROYECTO COMPLETO\BACK-END\backend\seguridad\models.py", "Python", 0, 0, 0, 0, 11, 1, 6, 18
"c:\Users\hp\Desktop\PROYECTO COMPLETO\BACK-END\backend\seguridad\tests.py", "Python", 0, 0, 0, 0, 1, 1, 2, 4
"c:\Users\hp\Desktop\PROYECTO COMPLETO\BACK-END\backend\seguridad\urls.py", "Python", 0, 0, 0, 0, 9, 0, 1, 10
"c:\Users\hp\Desktop\PROYECTO COMPLETO\BACK-END\backend\seguridad\views.py", "Python", 0, 0, 0, 0, 76, 104, 13, 193
"c:\Users\hp\Desktop\PROYECTO COMPLETO\BACK-END\backend\slides\__init__.py", "Python", 0, 0, 0, 0, 0, 0, 1, 1
"c:\Users\hp\Desktop\PROYECTO COMPLETO\BACK-END\backend\slides\admin.py", "Python", 0, 0, 0, 0, 1, 1, 2, 4
"c:\Users\hp\Desktop\PROYECTO COMPLETO\BACK-END\backend\slides\apps.py", "Python", 0, 0, 0, 0, 4, 0, 3, 7
"c:\Users\hp\Desktop\PROYECTO COMPLETO\BACK-END\backend\slides\migrations\0001_initial.py", "Python", 0, 0, 0, 0, 14, 1, 7, 22
"c:\Users\hp\Desktop\PROYECTO COMPLETO\BACK-END\backend\slides\migrations\__init__.py", "Python", 0, 0, 0, 0, 0, 0, 1, 1
"c:\Users\hp\Desktop\PROYECTO COMPLETO\BACK-END\backend\slides\models.py", "Python", 0, 0, 0, 0, 9, 0, 7, 16
"c:\Users\hp\Desktop\PROYECTO COMPLETO\BACK-END\backend\slides\serializers.py", "Python", 0, 0, 0, 0, 6, 0, 2, 8
"c:\Users\hp\Desktop\PROYECTO COMPLETO\BACK-END\backend\slides\tests.py", "Python", 0, 0, 0, 0, 1, 1, 2, 4
"c:\Users\hp\Desktop\PROYECTO COMPLETO\BACK-END\backend\slides\urls.py", "Python", 0, 0, 0, 0, 6, 0, 2, 8
"c:\Users\hp\Desktop\PROYECTO COMPLETO\BACK-END\backend\slides\views.py", "Python", 0, 0, 0, 0, 37, 1, 9, 47
"c:\Users\hp\Desktop\PROYECTO COMPLETO\BACK-END\backend\usuarios\__init__.py", "Python", 0, 0, 0, 0, 0, 0, 1, 1
"c:\Users\hp\Desktop\PROYECTO COMPLETO\BACK-END\backend\usuarios\admin.py", "Python", 0, 0, 0, 0, 6, 1, 5, 12
"c:\Users\hp\Desktop\PROYECTO COMPLETO\BACK-END\backend\usuarios\apps.py", "Python", 0, 0, 0, 0, 4, 0, 3, 7
"c:\Users\hp\Desktop\PROYECTO COMPLETO\BACK-END\backend\usuarios\migrations\0001_initial.py", "Python", 0, 0, 0, 0, 20, 1, 7, 28
"c:\Users\hp\Desktop\PROYECTO COMPLETO\BACK-END\backend\usuarios\migrations\0002_usuario_slug.py", "Python", 0, 0, 0, 0, 13, 1, 6, 20
"c:\Users\hp\Desktop\PROYECTO COMPLETO\BACK-END\backend\usuarios\migrations\0003_alter_usuario_slug.py", "Python", 0, 0, 0, 0, 13, 1, 6, 20
"c:\Users\hp\Desktop\PROYECTO COMPLETO\BACK-END\backend\usuarios\migrations\0004_alter_usuario_fecha_nacimiento_alter_usuario_nombre_and_more.py", "Python", 0, 0, 0, 0, 28, 1, 6, 35
"c:\Users\hp\Desktop\PROYECTO COMPLETO\BACK-END\backend\usuarios\migrations\0005_alter_usuario_options_alter_usuario_correo_and_more.py", "Python", 0, 0, 0, 0, 25, 1, 6, 32
"c:\Users\hp\Desktop\PROYECTO COMPLETO\BACK-END\backend\usuarios\migrations\0006_usuario_auth_user_alter_usuario_slug.py", "Python", 0, 0, 0, 0, 21, 1, 6, 28
"c:\Users\hp\Desktop\PROYECTO COMPLETO\BACK-END\backend\usuarios\migrations\0007_alter_usuario_auth_user.py", "Python", 0, 0, 0, 0, 15, 1, 6, 22
"c:\Users\hp\Desktop\PROYECTO COMPLETO\BACK-END\backend\usuarios\migrations\0008_remove_usuario_auth_user.py", "Python", 0, 0, 0, 0, 11, 1, 6, 18
"c:\Users\hp\Desktop\PROYECTO COMPLETO\BACK-END\backend\usuarios\migrations\0009_usuario_user.py", "Python", 0, 0, 0, 0, 15, 1, 6, 22
"c:\Users\hp\Desktop\PROYECTO COMPLETO\BACK-END\backend\usuarios\migrations\0010_remove_usuario_contraseña_and_more.py", "Python", 0, 0, 0, 0, 16, 1, 6, 23
"c:\Users\hp\Desktop\PROYECTO COMPLETO\BACK-END\backend\usuarios\migrations\__init__.py", "Python", 0, 0, 0, 0, 0, 0, 1, 1
"c:\Users\hp\Desktop\PROYECTO COMPLETO\BACK-END\backend\usuarios\models.py", "Python", 0, 0, 0, 0, 26, 1, 6, 33
"c:\Users\hp\Desktop\PROYECTO COMPLETO\BACK-END\backend\usuarios\serializers.py", "Python", 0, 0, 0, 0, 9, 0, 2, 11
"c:\Users\hp\Desktop\PROYECTO COMPLETO\BACK-END\backend\usuarios\tests.py", "Python", 0, 0, 0, 0, 1, 1, 2, 4
"c:\Users\hp\Desktop\PROYECTO COMPLETO\BACK-END\backend\usuarios\urls.py", "Python", 0, 0, 0, 0, 7, 0, 3, 10
"c:\Users\hp\Desktop\PROYECTO COMPLETO\BACK-END\backend\usuarios\views.py", "Python", 0, 0, 0, 0, 134, 6, 18, 158
"c:\Users\hp\Desktop\PROYECTO COMPLETO\FRONT-END\admin\Eliminar.html", "HTML", 0, 0, 0, 65, 0, 0, 12, 77
"c:\Users\hp\Desktop\PROYECTO COMPLETO\FRONT-END\admin\dash.css", "PostCSS", 0, 446, 0, 0, 0, 10, 89, 545
"c:\Users\hp\Desktop\PROYECTO COMPLETO\FRONT-END\admin\dash.js", "JavaScript", 0, 0, 62, 0, 0, 5, 14, 81
"c:\Users\hp\Desktop\PROYECTO COMPLETO\FRONT-END\admin\dashboard.html", "HTML", 0, 0, 0, 143, 0, 24, 9, 176
"c:\Users\hp\Desktop\PROYECTO COMPLETO\FRONT-END\admin\delete.css", "PostCSS", 0, 112, 0, 0, 0, 0, 22, 134
"c:\Users\hp\Desktop\PROYECTO COMPLETO\FRONT-END\admin\doc_admin.html", "HTML", 0, 0, 0, 116, 0, 2, 10, 128
"c:\Users\hp\Desktop\PROYECTO COMPLETO\FRONT-END\admin\documentos.css", "PostCSS", 0, 649, 0, 0, 0, 10, 64, 723
"c:\Users\hp\Desktop\PROYECTO COMPLETO\FRONT-END\admin\documentos.js", "JavaScript", 0, 0, 228, 0, 0, 13, 33, 274
"c:\Users\hp\Desktop\PROYECTO COMPLETO\FRONT-END\admin\estadistica.css", "PostCSS", 0, 466, 0, 0, 0, 11, 70, 547
"c:\Users\hp\Desktop\PROYECTO COMPLETO\FRONT-END\admin\estadistica.html", "HTML", 0, 0, 0, 123, 0, 1, 9, 133
"c:\Users\hp\Desktop\PROYECTO COMPLETO\FRONT-END\admin\estadistica.js", "JavaScript", 0, 0, 223, 0, 0, 6, 8, 237
"c:\Users\hp\Desktop\PROYECTO COMPLETO\FRONT-END\admin\galeriaad.css", "PostCSS", 0, 725, 0, 0, 0, 9, 69, 803
"c:\Users\hp\Desktop\PROYECTO COMPLETO\FRONT-END\admin\galeriaad.html", "HTML", 0, 0, 0, 106, 0, 2, 11, 119
"c:\Users\hp\Desktop\PROYECTO COMPLETO\FRONT-END\admin\galeriaad.js", "JavaScript", 0, 0, 339, 0, 0, 35, 56, 430
"c:\Users\hp\Desktop\PROYECTO COMPLETO\FRONT-END\admin\inventario.css", "PostCSS", 0, 727, 0, 0, 0, 5, 60, 792
"c:\Users\hp\Desktop\PROYECTO COMPLETO\FRONT-END\admin\inventario.html", "HTML", 0, 0, 0, 131, 0, 2, 10, 143
"c:\Users\hp\Desktop\PROYECTO COMPLETO\FRONT-END\admin\inventario.js", "JavaScript", 0, 0, 226, 0, 0, 14, 43, 283
"c:\Users\hp\Desktop\PROYECTO COMPLETO\FRONT-END\admin\misprogramas.css", "PostCSS", 0, 632, 0, 0, 0, 11, 110, 753
"c:\Users\hp\Desktop\PROYECTO COMPLETO\FRONT-END\admin\misprogramas.html", "HTML", 0, 0, 0, 110, 0, 3, 8, 121
"c:\Users\hp\Desktop\PROYECTO COMPLETO\FRONT-END\admin\misprogramas.js", "JavaScript", 0, 0, 185, 0, 0, 6, 27, 218
"c:\Users\hp\Desktop\PROYECTO COMPLETO\FRONT-END\admin\verperfilad.css", "PostCSS", 0, 483, 0, 0, 0, 17, 68, 568
"c:\Users\hp\Desktop\PROYECTO COMPLETO\FRONT-END\admin\verperfilad.html", "HTML", 0, 0, 0, 93, 0, 0, 16, 109
"c:\Users\hp\Desktop\PROYECTO COMPLETO\FRONT-END\admin\verperfilad.js", "JavaScript", 0, 0, 80, 0, 0, 7, 17, 104
"c:\Users\hp\Desktop\PROYECTO COMPLETO\FRONT-END\servicios\galeria.css", "PostCSS", 0, 525, 0, 0, 0, 17, 77, 619
"c:\Users\hp\Desktop\PROYECTO COMPLETO\FRONT-END\servicios\galeria.html", "HTML", 0, 0, 0, 97, 0, 0, 11, 108
"c:\Users\hp\Desktop\PROYECTO COMPLETO\FRONT-END\servicios\galeria.js", "JavaScript", 0, 0, 169, 0, 0, 9, 25, 203
"c:\Users\hp\Desktop\PROYECTO COMPLETO\FRONT-END\servicios\infantil.css", "PostCSS", 0, 530, 0, 0, 0, 30, 78, 638
"c:\Users\hp\Desktop\PROYECTO COMPLETO\FRONT-END\servicios\infantil.html", "HTML", 0, 0, 0, 114, 0, 1, 9, 124
"c:\Users\hp\Desktop\PROYECTO COMPLETO\FRONT-END\servicios\infantil.js", "JavaScript", 0, 0, 313, 0, 0, 44, 59, 416
"c:\Users\hp\Desktop\PROYECTO COMPLETO\FRONT-END\servicios\mapa.css", "PostCSS", 0, 576, 0, 0, 0, 24, 77, 677
"c:\Users\hp\Desktop\PROYECTO COMPLETO\FRONT-END\servicios\mapa.html", "HTML", 0, 0, 0, 107, 0, 2, 14, 123
"c:\Users\hp\Desktop\PROYECTO COMPLETO\FRONT-END\servicios\mapa.js", "JavaScript", 0, 0, 320, 0, 0, 33, 59, 412
"c:\Users\hp\Desktop\PROYECTO COMPLETO\FRONT-END\servicios\museo.css", "PostCSS", 0, 592, 0, 0, 0, 21, 74, 687
"c:\Users\hp\Desktop\PROYECTO COMPLETO\FRONT-END\servicios\museo1.html", "HTML", 0, 0, 0, 99, 0, 10, 10, 119
"c:\Users\hp\Desktop\PROYECTO COMPLETO\FRONT-END\servicios\museo1.js", "JavaScript", 0, 0, 143, 0, 0, 22, 26, 191
"c:\Users\hp\Desktop\PROYECTO COMPLETO\FRONT-END\servicios\museo2.css", "PostCSS", 0, 441, 0, 0, 0, 12, 50, 503
"c:\Users\hp\Desktop\PROYECTO COMPLETO\FRONT-END\servicios\museo2.html", "HTML", 0, 0, 0, 104, 0, 0, 11, 115
"c:\Users\hp\Desktop\PROYECTO COMPLETO\FRONT-END\servicios\museo2.js", "JavaScript", 0, 0, 43, 0, 0, 2, 8, 53
"c:\Users\hp\Desktop\PROYECTO COMPLETO\FRONT-END\servicios\nuestra.css", "PostCSS", 0, 463, 0, 0, 0, 15, 63, 541
"c:\Users\hp\Desktop\PROYECTO COMPLETO\FRONT-END\servicios\nuestra.html", "HTML", 0, 0, 0, 140, 0, 3, 22, 165
"c:\Users\hp\Desktop\PROYECTO COMPLETO\FRONT-END\servicios\nuestra.js", "JavaScript", 0, 0, 176, 0, 0, 19, 42, 237
"c:\Users\hp\Desktop\PROYECTO COMPLETO\FRONT-END\servicios\programas.css", "PostCSS", 0, 549, 0, 0, 0, 16, 94, 659
"c:\Users\hp\Desktop\PROYECTO COMPLETO\FRONT-END\servicios\programas.html", "HTML", 0, 0, 0, 189, 0, 7, 26, 222
"c:\Users\hp\Desktop\PROYECTO COMPLETO\FRONT-END\servicios\programas.js", "JavaScript", 0, 0, 244, 0, 0, 20, 30, 294
"c:\Users\hp\Desktop\PROYECTO COMPLETO\FRONT-END\usuario\global.js", "JavaScript", 0, 0, 28, 0, 0, 0, 4, 32
"c:\Users\hp\Desktop\PROYECTO COMPLETO\FRONT-END\usuario\index.html", "HTML", 0, 0, 0, 366, 0, 12, 60, 438
"c:\Users\hp\Desktop\PROYECTO COMPLETO\FRONT-END\usuario\iniciar.css", "PostCSS", 0, 244, 0, 0, 0, 2, 32, 278
"c:\Users\hp\Desktop\PROYECTO COMPLETO\FRONT-END\usuario\iniciar.html", "HTML", 0, 0, 0, 67, 0, 0, 11, 78
"c:\Users\hp\Desktop\PROYECTO COMPLETO\FRONT-END\usuario\iniciar.js", "JavaScript", 0, 0, 55, 0, 0, 4, 10, 69
"c:\Users\hp\Desktop\PROYECTO COMPLETO\FRONT-END\usuario\recuperar.css", "PostCSS", 0, 223, 0, 0, 0, 3, 28, 254
"c:\Users\hp\Desktop\PROYECTO COMPLETO\FRONT-END\usuario\recuperar.html", "HTML", 0, 0, 0, 67, 0, 0, 12, 79
"c:\Users\hp\Desktop\PROYECTO COMPLETO\FRONT-END\usuario\recuperar.js", "JavaScript", 0, 0, 28, 0, 0, 0, 8, 36
"c:\Users\hp\Desktop\PROYECTO COMPLETO\FRONT-END\usuario\recuperarfrontcontra.html", "HTML", 0, 0, 0, 101, 0, 4, 15, 120
"c:\Users\hp\Desktop\PROYECTO COMPLETO\FRONT-END\usuario\registrar.css", "PostCSS", 0, 247, 0, 0, 0, 0, 36, 283
"c:\Users\hp\Desktop\PROYECTO COMPLETO\FRONT-END\usuario\registrar.html", "HTML", 0, 0, 0, 101, 0, 0, 18, 119
"c:\Users\hp\Desktop\PROYECTO COMPLETO\FRONT-END\usuario\registrar.js", "JavaScript", 0, 0, 183, 0, 0, 23, 36, 242
"c:\Users\hp\Desktop\PROYECTO COMPLETO\FRONT-END\usuario\restablecer.css", "PostCSS", 0, 271, 0, 0, 0, 2, 36, 309
"c:\Users\hp\Desktop\PROYECTO COMPLETO\FRONT-END\usuario\restablecercontra.html", "HTML", 0, 0, 0, 124, 0, 5, 21, 150
"c:\Users\hp\Desktop\PROYECTO COMPLETO\FRONT-END\usuario\style.css", "PostCSS", 0, 664, 0, 0, 0, 29, 111, 804
"c:\Users\hp\Desktop\PROYECTO COMPLETO\FRONT-END\usuario\verperfil.css", "PostCSS", 0, 482, 0, 0, 0, 17, 68, 567
"c:\Users\hp\Desktop\PROYECTO COMPLETO\FRONT-END\usuario\verperfil.html", "HTML", 0, 0, 0, 95, 0, 0, 14, 109
"c:\Users\hp\Desktop\PROYECTO COMPLETO\FRONT-END\usuario\verperfil.js", "JavaScript", 0, 0, 111, 0, 0, 20, 14, 145
"c:\Users\hp\Desktop\PROYECTO COMPLETO\requirements.txt", "pip requirements", 31, 0, 0, 0, 0, 0, 0, 31
"Total", "-", 31, 10047, 3156, 2658, 1818, 880, 2789, 21379